file,instance,method,obj,route,time,congestion,elapsed time,evaluated solutions
config_{02-00-01}_{06-01}_01_decomposedNeighborhoodSearch_20250831T021148494.log,{02-00-01}_{06-01}_01,decomposedNeighborhoodSearch,32.91000988,5.60,27.31,0.00,0.28,1
config_{02-00-01}_{06-01}_01_decomposedRandom_20250831T021232464.log,{02-00-01}_{06-01}_01,decomposedRandom,32.91000988,5.60,27.31,0.00,0.33,1
config_{02-00-01}_{06-01}_01_localRefinement_20250831T131027197.log,{02-00-01}_{06-01}_01,localRefinement,32.91000988,5.60,27.31,0.00,0.38,1
config_{02-00-01}_{06-01}_02_decomposedNeighborhoodSearch_20250831T021148494.log,{02-00-01}_{06-01}_02,decomposedNeighborhoodSearch,42.89118093,7.09,35.80,0.00,0.47,1
config_{02-00-01}_{06-01}_02_decomposedRandom_20250831T021232464.log,{02-00-01}_{06-01}_02,decomposedRandom,42.89118093,7.09,35.80,0.00,0.52,1
config_{02-00-01}_{06-01}_02_localRefinement_20250831T131027197.log,{02-00-01}_{06-01}_02,localRefinement,42.89118093,7.09,35.80,0.00,0.61,1
config_{02-00-01}_{06-01}_03_decomposedNeighborhoodSearch_20250831T021148494.log,{02-00-01}_{06-01}_03,decomposedNeighborhoodSearch,2.33203340,2.33,0.00,0.00,0.27,1
config_{02-00-01}_{06-01}_03_decomposedRandom_20250831T021232464.log,{02-00-01}_{06-01}_03,decomposedRandom,2.33203340,2.33,0.00,0.00,0.31,1
config_{02-00-01}_{06-01}_03_localRefinement_20250831T131027197.log,{02-00-01}_{06-01}_03,localRefinement,2.33203340,2.33,0.00,0.00,0.38,1
config_{02-00-01}_{06-01}_04_decomposedNeighborhoodSearch_20250831T021148494.log,{02-00-01}_{06-01}_04,decomposedNeighborhoodSearch,4.02285029,4.02,0.00,0.00,0.31,1
config_{02-00-01}_{06-01}_04_decomposedRandom_20250831T021232464.log,{02-00-01}_{06-01}_04,decomposedRandom,4.02285029,4.02,0.00,0.00,0.34,1
config_{02-00-01}_{06-01}_04_localRefinement_20250831T131027197.log,{02-00-01}_{06-01}_04,localRefinement,4.02285029,4.02,0.00,0.00,0.40,1
config_{02-00-01}_{06-01}_05_decomposedNeighborhoodSearch_20250831T021404398.log,{02-00-01}_{06-01}_05,decomposedNeighborhoodSearch,3.89379941,3.89,0.00,0.00,0.09,1
config_{02-00-01}_{06-01}_05_decomposedRandom_20250831T022309288.log,{02-00-01}_{06-01}_05,decomposedRandom,3.89379941,3.89,0.00,0.00,0.09,1
config_{02-00-01}_{06-01}_05_localRefinement_20250831T141027295.log,{02-00-01}_{06-01}_05,localRefinement,3.89379941,3.89,0.00,0.00,0.10,1
config_{04-00-02}_{06-02}_01_decomposedNeighborhoodSearch_20250831T022418717.log,{04-00-02}_{06-02}_01,decomposedNeighborhoodSearch,55.93108998,25.90,30.04,0.00,0.61,1
config_{04-00-02}_{06-02}_01_decomposedRandom_20250831T023823596.log,{04-00-02}_{06-02}_01,decomposedRandom,55.93108998,25.90,30.04,0.00,0.62,1
config_{04-00-02}_{06-02}_01_localRefinement_20250831T141027295.log,{04-00-02}_{06-02}_01,localRefinement,55.93108998,25.90,30.04,0.00,0.64,1
config_{04-00-02}_{06-02}_02_decomposedNeighborhoodSearch_20250831T022452876.log,{04-00-02}_{06-02}_02,decomposedNeighborhoodSearch,57.65650590,26.78,30.87,0.00,0.38,1
config_{04-00-02}_{06-02}_02_decomposedRandom_20250831T024555019.log,{04-00-02}_{06-02}_02,decomposedRandom,57.65650590,26.78,30.87,0.00,0.39,1
config_{04-00-02}_{06-02}_02_localRefinement_20250831T141027295.log,{04-00-02}_{06-02}_02,localRefinement,57.65650590,26.78,30.87,0.00,0.40,1
config_{04-00-02}_{06-02}_03_decomposedNeighborhoodSearch_20250831T022552544.log,{04-00-02}_{06-02}_03,decomposedNeighborhoodSearch,20.29128236,20.29,0.00,0.00,0.55,1
config_{04-00-02}_{06-02}_03_decomposedRandom_20250831T025448266.log,{04-00-02}_{06-02}_03,decomposedRandom,20.29128236,20.29,0.00,0.00,0.54,1
config_{04-00-02}_{06-02}_03_localRefinement_20250831T141027298.log,{04-00-02}_{06-02}_03,localRefinement,20.29128236,20.29,0.00,0.00,0.60,1
config_{04-00-02}_{06-02}_04_decomposedNeighborhoodSearch_20250831T024132673.log,{04-00-02}_{06-02}_04,decomposedNeighborhoodSearch,28.93669969,21.41,7.52,0.00,1.78,1
config_{04-00-02}_{06-02}_04_decomposedRandom_20250831T031232532.log,{04-00-02}_{06-02}_04,decomposedRandom,28.93669969,21.41,7.52,0.00,1.72,1
config_{04-00-02}_{06-02}_04_localRefinement_20250831T151027314.log,{04-00-02}_{06-02}_04,localRefinement,28.93669969,21.41,7.52,0.00,1.71,1
config_{04-00-02}_{06-02}_05_decomposedNeighborhoodSearch_20250831T032419134.log,{04-00-02}_{06-02}_05,decomposedNeighborhoodSearch,47.28394836,23.19,24.09,0.00,0.35,1
config_{04-00-02}_{06-02}_05_decomposedRandom_20250831T033823793.log,{04-00-02}_{06-02}_05,decomposedRandom,47.28394836,23.19,24.09,0.00,0.36,1
config_{04-00-02}_{06-02}_05_localRefinement_20250831T151027393.log,{04-00-02}_{06-02}_05,localRefinement,47.28394836,23.19,24.09,0.00,0.36,1
config_{04-01-01}_{06-02}_01_decomposedNeighborhoodSearch_20250831T072420444.log,{04-01-01}_{06-02}_01,decomposedNeighborhoodSearch,323.61072382,132.43,191.18,0.00,5.85,1
config_{04-01-01}_{06-02}_01_decomposedRandom_20250831T073825342.log,{04-01-01}_{06-02}_01,decomposedRandom,323.61072382,132.43,191.18,0.00,7.18,1
config_{04-01-01}_{06-02}_01_localRefinement_20250831T191029375.log,{04-01-01}_{06-02}_01,localRefinement,323.61072382,132.43,191.18,0.00,6.47,1
config_{04-01-01}_{06-02}_02_decomposedNeighborhoodSearch_20250831T072453956.log,{04-01-01}_{06-02}_02,decomposedNeighborhoodSearch,338.56669997,151.04,187.53,0.00,4.50,1
config_{04-01-01}_{06-02}_02_decomposedRandom_20250831T074555915.log,{04-01-01}_{06-02}_02,decomposedRandom,338.56669997,151.04,187.53,0.00,5.15,1
config_{04-01-01}_{06-02}_02_localRefinement_20250831T191032098.log,{04-01-01}_{06-02}_02,localRefinement,338.56669997,151.04,187.53,0.00,4.45,1
config_{04-01-01}_{06-02}_03_decomposedNeighborhoodSearch_20250831T072555610.log,{04-01-01}_{06-02}_03,decomposedNeighborhoodSearch,165.01941229,105.64,59.38,0.00,7.10,1
config_{04-01-01}_{06-02}_03_decomposedRandom_20250831T075449344.log,{04-01-01}_{06-02}_03,decomposedRandom,165.01941229,105.64,59.38,0.00,7.95,1
config_{04-01-01}_{06-02}_03_localRefinement_20250831T191032141.log,{04-01-01}_{06-02}_03,localRefinement,165.01941229,105.64,59.38,0.00,7.10,1
config_{04-01-01}_{06-02}_04_decomposedNeighborhoodSearch_20250831T074135390.log,{04-01-01}_{06-02}_04,decomposedNeighborhoodSearch,147.71197532,108.67,39.04,0.00,4.36,1
config_{04-01-01}_{06-02}_04_decomposedRandom_20250831T081234904.log,{04-01-01}_{06-02}_04,decomposedRandom,147.71197532,108.67,39.04,0.00,4.04,1
config_{04-01-01}_{06-02}_04_localRefinement_20250831T201029962.log,{04-01-01}_{06-02}_04,localRefinement,147.71197532,108.67,39.04,0.00,4.49,1
config_{04-01-01}_{06-02}_05_decomposedNeighborhoodSearch_20250831T082422791.log,{04-01-01}_{06-02}_05,decomposedNeighborhoodSearch,307.55923869,153.35,154.21,0.00,6.96,1
config_{04-01-01}_{06-02}_05_decomposedRandom_20250831T083827152.log,{04-01-01}_{06-02}_05,decomposedRandom,307.55923869,153.35,154.21,0.00,6.29,1
config_{04-01-01}_{06-02}_05_localRefinement_20250831T201030068.log,{04-01-01}_{06-02}_05,localRefinement,307.55923869,153.35,154.21,0.00,5.95,1
config_{06-00-03}_{06-03}_01_decomposedNeighborhoodSearch_20250831T032452935.log,{06-00-03}_{06-03}_01,decomposedNeighborhoodSearch,122.67071694,63.08,59.59,0.00,1.25,1
config_{06-00-03}_{06-03}_01_decomposedRandom_20250831T034555129.log,{06-00-03}_{06-03}_01,decomposedRandom,122.67071694,63.08,59.59,0.00,1.35,1
config_{06-00-03}_{06-03}_01_localRefinement_20250831T151027400.log,{06-00-03}_{06-03}_01,localRefinement,122.67071694,63.08,59.59,0.00,1.14,1
config_{06-00-03}_{06-03}_02_decomposedNeighborhoodSearch_20250831T032553062.log,{06-00-03}_{06-03}_02,decomposedNeighborhoodSearch,114.29318171,45.02,69.27,0.00,1.21,1
config_{06-00-03}_{06-03}_02_decomposedRandom_20250831T035448325.log,{06-00-03}_{06-03}_02,decomposedRandom,114.29318171,45.02,69.27,0.00,1.09,1
config_{06-00-03}_{06-03}_02_localRefinement_20250831T151027422.log,{06-00-03}_{06-03}_02,localRefinement,114.29318171,45.02,69.27,0.00,1.10,1
config_{06-00-03}_{06-03}_03_decomposedNeighborhoodSearch_20250831T034132792.log,{06-00-03}_{06-03}_03,decomposedNeighborhoodSearch,116.93704515,56.74,60.19,0.00,3.95,1
config_{06-00-03}_{06-03}_03_decomposedRandom_20250831T041233300.log,{06-00-03}_{06-03}_03,decomposedRandom,116.93704515,56.74,60.19,0.00,3.94,1
config_{06-00-03}_{06-03}_03_localRefinement_20250831T161027407.log,{06-00-03}_{06-03}_03,localRefinement,116.93704515,56.74,60.19,0.00,3.76,1
config_{06-00-03}_{06-03}_04_decomposedNeighborhoodSearch_20250831T042419412.log,{06-00-03}_{06-03}_04,decomposedNeighborhoodSearch,126.72051441,45.67,81.05,0.00,1.37,1
config_{06-00-03}_{06-03}_04_decomposedRandom_20250831T043823881.log,{06-00-03}_{06-03}_04,decomposedRandom,126.72051441,45.67,81.05,0.00,1.33,1
config_{06-00-03}_{06-03}_04_localRefinement_20250831T161027516.log,{06-00-03}_{06-03}_04,localRefinement,126.72051441,45.67,81.05,0.00,1.27,1
config_{06-00-03}_{06-03}_05_decomposedNeighborhoodSearch_20250831T042453462.log,{06-00-03}_{06-03}_05,decomposedNeighborhoodSearch,92.74421117,56.13,36.61,0.00,2.83,1
config_{06-00-03}_{06-03}_05_decomposedRandom_20250831T044555225.log,{06-00-03}_{06-03}_05,decomposedRandom,92.74421117,56.13,36.61,0.00,2.63,1
config_{06-00-03}_{06-03}_05_localRefinement_20250831T161027624.log,{06-00-03}_{06-03}_05,localRefinement,92.74421117,56.13,36.61,0.00,2.25,1
config_{08-00-04}_{06-04}_01_decomposedNeighborhoodSearch_20250831T042553587.log,{08-00-04}_{06-04}_01,decomposedNeighborhoodSearch,143.50523223,78.10,65.41,0.00,3.04,1
config_{08-00-04}_{06-04}_01_decomposedRandom_20250831T045448407.log,{08-00-04}_{06-04}_01,decomposedRandom,143.50523223,78.10,65.41,0.00,3.06,1
config_{08-00-04}_{06-04}_01_localRefinement_20250831T161030375.log,{08-00-04}_{06-04}_01,localRefinement,143.50523223,78.10,65.41,0.00,2.79,1
config_{08-00-04}_{06-04}_02_decomposedNeighborhoodSearch_20250831T044133059.log,{08-00-04}_{06-04}_02,decomposedNeighborhoodSearch,136.68911328,82.60,54.09,0.00,2.23,1
config_{08-00-04}_{06-04}_02_decomposedRandom_20250831T051233951.log,{08-00-04}_{06-04}_02,decomposedRandom,136.68911328,82.60,54.09,0.00,2.16,1
config_{08-00-04}_{06-04}_02_localRefinement_20250831T171027806.log,{08-00-04}_{06-04}_02,localRefinement,136.68911328,82.60,54.09,0.00,2.27,1
config_{08-00-04}_{06-04}_03_decomposedNeighborhoodSearch_20250831T052419980.log,{08-00-04}_{06-04}_03,decomposedNeighborhoodSearch,143.75224973,75.62,68.13,0.00,10.99,1
config_{08-00-04}_{06-04}_03_decomposedRandom_20250831T053824392.log,{08-00-04}_{06-04}_03,decomposedRandom,143.75224973,75.62,68.13,0.00,11.53,1
config_{08-00-04}_{06-04}_03_localRefinement_20250831T171027876.log,{08-00-04}_{06-04}_03,localRefinement,143.75224973,75.62,68.13,0.00,13.23,1
config_{08-00-04}_{06-04}_04_decomposedNeighborhoodSearch_20250831T052453518.log,{08-00-04}_{06-04}_04,decomposedNeighborhoodSearch,159.07776181,83.01,76.07,0.00,2.53,1
config_{08-00-04}_{06-04}_04_decomposedRandom_20250831T054555409.log,{08-00-04}_{06-04}_04,decomposedRandom,159.07776181,83.01,76.07,0.00,2.73,1
config_{08-00-04}_{06-04}_04_localRefinement_20250831T171030807.log,{08-00-04}_{06-04}_04,localRefinement,159.07776181,83.01,76.07,0.00,2.77,1
config_{08-00-04}_{06-04}_05_decomposedNeighborhoodSearch_20250831T052554347.log,{08-00-04}_{06-04}_05,decomposedNeighborhoodSearch,155.03973480,84.62,70.42,0.00,2.16,1
config_{08-00-04}_{06-04}_05_decomposedRandom_20250831T055448641.log,{08-00-04}_{06-04}_05,decomposedRandom,155.03973480,84.62,70.42,0.00,2.04,1
config_{08-00-04}_{06-04}_05_localRefinement_20250831T171030895.log,{08-00-04}_{06-04}_05,localRefinement,155.03973480,84.62,70.42,0.00,2.18,1
config_{08-02-02}_{06-04}_01_decomposedNeighborhoodSearch_20250831T082455433.log,{08-02-02}_{06-04}_01,decomposedNeighborhoodSearch,669.02320264,417.49,251.54,0.00,147.91,1
config_{08-02-02}_{06-04}_01_decomposedRandom_20250831T084556852.log,{08-02-02}_{06-04}_01,decomposedRandom,669.02320264,417.49,251.54,0.00,120.39,1
config_{08-02-02}_{06-04}_01_localRefinement_20250831T201032788.log,{08-02-02}_{06-04}_01,localRefinement,669.02320264,417.49,251.54,0.00,131.78,1
config_{08-02-02}_{06-04}_02_decomposedNeighborhoodSearch_20250831T082556019.log,{08-02-02}_{06-04}_02,decomposedNeighborhoodSearch,875.64707764,415.64,460.01,0.00,21.33,1
config_{08-02-02}_{06-04}_02_decomposedRandom_20250831T085450027.log,{08-02-02}_{06-04}_02,decomposedRandom,875.64707764,415.64,460.01,0.00,24.50,1
config_{08-02-02}_{06-04}_02_localRefinement_20250831T201033074.log,{08-02-02}_{06-04}_02,localRefinement,875.64707764,415.64,460.01,0.00,21.27,1
config_{08-02-02}_{06-04}_03_decomposedNeighborhoodSearch_20250831T084135648.log,{08-02-02}_{06-04}_03,decomposedNeighborhoodSearch,615.18325638,399.18,216.00,0.00,31.22,1
config_{08-02-02}_{06-04}_03_decomposedRandom_20250831T091235049.log,{08-02-02}_{06-04}_03,decomposedRandom,615.18325638,399.18,216.00,0.00,43.27,1
config_{08-02-02}_{06-04}_03_localRefinement_20250831T211030679.log,{08-02-02}_{06-04}_03,localRefinement,615.18325638,399.18,216.00,0.00,35.89,1
config_{08-02-02}_{06-04}_04_decomposedNeighborhoodSearch_20250831T092423618.log,{08-02-02}_{06-04}_04,decomposedNeighborhoodSearch,872.76363797,432.56,440.20,0.00,114.67,1
config_{08-02-02}_{06-04}_04_decomposedRandom_20250831T093829279.log,{08-02-02}_{06-04}_04,decomposedRandom,872.76363797,432.56,440.20,0.00,120.62,1
config_{08-02-02}_{06-04}_04_localRefinement_20250831T211030800.log,{08-02-02}_{06-04}_04,localRefinement,872.76363797,432.56,440.20,0.00,100.30,1
config_{08-02-02}_{06-04}_05_decomposedNeighborhoodSearch_20250831T092455689.log,{08-02-02}_{06-04}_05,decomposedNeighborhoodSearch,673.31434578,401.50,271.81,0.00,63.43,1
config_{08-02-02}_{06-04}_05_decomposedRandom_20250831T094557808.log,{08-02-02}_{06-04}_05,decomposedRandom,673.31434578,401.50,271.81,0.00,80.79,1
config_{08-02-02}_{06-04}_05_localRefinement_20250831T211036248.log,{08-02-02}_{06-04}_05,localRefinement,673.31434578,401.50,271.81,0.00,55.93,1
config_{10-00-05}_{06-05}_01_decomposedNeighborhoodSearch_20250831T054134071.log,{10-00-05}_{06-05}_01,decomposedNeighborhoodSearch,168.03982888,104.20,63.84,0.00,6.30,1
config_{10-00-05}_{06-05}_01_decomposedRandom_20250831T061234021.log,{10-00-05}_{06-05}_01,decomposedRandom,168.03982888,104.20,63.84,0.00,5.25,1
config_{10-00-05}_{06-05}_01_localRefinement_20250831T181028283.log,{10-00-05}_{06-05}_01,localRefinement,168.03982888,104.20,63.84,0.00,5.20,1
config_{10-00-05}_{06-05}_02_decomposedNeighborhoodSearch_20250831T062420341.log,{10-00-05}_{06-05}_02,decomposedNeighborhoodSearch,197.35531183,104.86,92.49,0.00,8.29,1
config_{10-00-05}_{06-05}_02_decomposedRandom_20250831T063825236.log,{10-00-05}_{06-05}_02,decomposedRandom,197.35531183,104.86,92.49,0.00,7.39,1
config_{10-00-05}_{06-05}_02_localRefinement_20250831T181028355.log,{10-00-05}_{06-05}_02,localRefinement,197.35531183,104.86,92.49,0.00,8.67,1
config_{10-00-05}_{06-05}_03_decomposedNeighborhoodSearch_20250831T062453746.log,{10-00-05}_{06-05}_03,decomposedNeighborhoodSearch,156.32958883,107.68,48.65,0.00,4.40,1
config_{10-00-05}_{06-05}_03_decomposedRandom_20250831T064555481.log,{10-00-05}_{06-05}_03,decomposedRandom,156.32958883,107.68,48.65,0.00,4.74,1
config_{10-00-05}_{06-05}_03_localRefinement_20250831T181031265.log,{10-00-05}_{06-05}_03,localRefinement,156.32958883,107.68,48.65,0.00,4.68,1
config_{10-00-05}_{06-05}_04_decomposedNeighborhoodSearch_20250831T062554716.log,{10-00-05}_{06-05}_04,decomposedNeighborhoodSearch,180.29233119,103.65,76.65,0.00,4.71,1
config_{10-00-05}_{06-05}_04_decomposedRandom_20250831T065448732.log,{10-00-05}_{06-05}_04,decomposedRandom,180.29233119,103.65,76.65,0.00,4.73,1
config_{10-00-05}_{06-05}_04_localRefinement_20250831T181031340.log,{10-00-05}_{06-05}_04,localRefinement,180.29233119,103.65,76.65,0.00,5.24,1
config_{10-00-05}_{06-05}_05_decomposedNeighborhoodSearch_20250831T064134996.log,{10-00-05}_{06-05}_05,decomposedNeighborhoodSearch,231.07773642,126.86,104.21,0.00,22.02,1
config_{10-00-05}_{06-05}_05_decomposedRandom_20250831T071234229.log,{10-00-05}_{06-05}_05,decomposedRandom,231.07773642,126.86,104.21,0.00,25.04,1
config_{10-00-05}_{06-05}_05_localRefinement_20250831T191029014.log,{10-00-05}_{06-05}_05,localRefinement,231.07773642,126.86,104.21,0.00,23.16,1
config_{12-03-03}_{06-06}_01_decomposedNeighborhoodSearch_20250831T092556550.log,{12-03-03}_{06-06}_01,decomposedNeighborhoodSearch,1208.55813075,756.85,451.71,0.00,3600.93,1
config_{12-03-03}_{06-06}_01_decomposedRandom_20250831T095457113.log,{12-03-03}_{06-06}_01,decomposedRandom,1208.55813075,756.85,451.71,0.00,3600.37,1
config_{12-03-03}_{06-06}_01_localRefinement_20250831T211036422.log,{12-03-03}_{06-06}_01,localRefinement,1208.55813075,756.85,451.71,0.00,3600.33,1
config_{12-03-03}_{06-06}_02_decomposedNeighborhoodSearch_20250831T094136899.log,{12-03-03}_{06-06}_02,decomposedNeighborhoodSearch,1375.20956692,766.26,608.95,0.00,247.29,1
config_{12-03-03}_{06-06}_02_decomposedRandom_20250831T101236330.log,{12-03-03}_{06-06}_02,decomposedRandom,1375.20956692,766.26,608.95,0.00,187.14,1
config_{12-03-03}_{06-06}_02_localRefinement_20250831T221034460.log,{12-03-03}_{06-06}_02,localRefinement,1375.20956692,766.26,608.95,0.00,195.00,1
config_{12-03-03}_{06-06}_03_decomposedNeighborhoodSearch_20250831T102424559.log,{12-03-03}_{06-06}_03,decomposedNeighborhoodSearch,1203.52692695,737.64,465.89,0.00,352.94,1
config_{12-03-03}_{06-06}_03_decomposedRandom_20250831T103842266.log,{12-03-03}_{06-06}_03,decomposedRandom,1203.52692695,737.64,465.89,0.00,257.75,1
config_{12-03-03}_{06-06}_03_localRefinement_20250831T221034708.log,{12-03-03}_{06-06}_03,localRefinement,1203.52692695,737.64,465.89,0.00,191.40,1
config_{12-03-03}_{06-06}_04_decomposedNeighborhoodSearch_20250831T102502073.log,{12-03-03}_{06-06}_04,decomposedNeighborhoodSearch,1255.04357965,771.06,483.98,0.00,270.94,1
config_{12-03-03}_{06-06}_04_decomposedRandom_20250831T104559552.log,{12-03-03}_{06-06}_04,decomposedRandom,1255.04357965,771.06,483.98,0.00,239.31,1
config_{12-03-03}_{06-06}_04_localRefinement_20250831T221037346.log,{12-03-03}_{06-06}_04,localRefinement,1255.04357965,771.06,483.98,0.00,166.40,1
config_{12-03-03}_{06-06}_05_decomposedNeighborhoodSearch_20250831T102558647.log,{12-03-03}_{06-06}_05,decomposedNeighborhoodSearch,1298.88216583,777.39,521.49,0.00,369.49,1
config_{12-03-03}_{06-06}_05_decomposedRandom_20250831T105458159.log,{12-03-03}_{06-06}_05,decomposedRandom,1298.88216583,777.39,521.49,0.00,304.60,1
config_{12-03-03}_{06-06}_05_localRefinement_20250831T221039729.log,{12-03-03}_{06-06}_05,localRefinement,1298.88216583,777.39,521.49,0.00,218.96,1
config_{16-04-04}_{06-08}_01_decomposedNeighborhoodSearch_20250831T104138371.log,{16-04-04}_{06-08}_01,decomposedNeighborhoodSearch,1877.11863879,1226.58,650.54,0.00,1071.42,1
config_{16-04-04}_{06-08}_01_decomposedRandom_20250831T111337274.log,{16-04-04}_{06-08}_01,decomposedRandom,1877.11863879,1226.58,650.54,0.00,792.42,1
config_{16-04-04}_{06-08}_01_localRefinement_20250831T231044024.log,{16-04-04}_{06-08}_01,localRefinement,1877.11863879,1226.58,650.54,0.00,595.37,1
config_{16-04-04}_{06-08}_02_decomposedNeighborhoodSearch_20250831T112426255.log,{16-04-04}_{06-08}_02,decomposedNeighborhoodSearch,1767.60533108,1174.74,592.86,0.00,577.16,1
config_{16-04-04}_{06-08}_02_decomposedRandom_20250831T113843094.log,{16-04-04}_{06-08}_02,decomposedRandom,1767.60533108,1174.74,592.86,0.00,466.07,1
config_{16-04-04}_{06-08}_02_localRefinement_20250831T231044416.log,{16-04-04}_{06-08}_02,localRefinement,1767.60533108,1174.74,592.86,0.00,347.15,1
config_{16-04-04}_{06-08}_03_decomposedNeighborhoodSearch_20250831T112502952.log,{16-04-04}_{06-08}_03,decomposedNeighborhoodSearch,1769.41876335,1216.52,552.90,0.00,519.77,1
config_{16-04-04}_{06-08}_03_decomposedRandom_20250831T114603113.log,{16-04-04}_{06-08}_03,decomposedRandom,1769.41876335,1216.52,552.90,0.00,416.29,1
config_{16-04-04}_{06-08}_03_localRefinement_20250831T231047380.log,{16-04-04}_{06-08}_03,localRefinement,1769.41876335,1216.52,552.90,0.00,325.16,1
config_{16-04-04}_{06-08}_04_decomposedNeighborhoodSearch_20250831T112600708.log,{16-04-04}_{06-08}_04,decomposedNeighborhoodSearch,1810.79837520,1133.42,677.38,0.00,246.63,1
config_{16-04-04}_{06-08}_04_decomposedRandom_20250831T115506982.log,{16-04-04}_{06-08}_04,decomposedRandom,1810.79837520,1133.42,677.38,0.00,222.05,1
config_{16-04-04}_{06-08}_04_localRefinement_20250831T231049556.log,{16-04-04}_{06-08}_04,localRefinement,1810.79837520,1133.42,677.38,0.00,139.33,1
config_{16-04-04}_{06-08}_05_decomposedNeighborhoodSearch_20250831T114141066.log,{16-04-04}_{06-08}_05,decomposedNeighborhoodSearch,1916.54900888,1199.38,717.17,0.00,640.04,1
config_{16-04-04}_{06-08}_05_decomposedRandom_20250831T121339371.log,{16-04-04}_{06-08}_05,decomposedRandom,1916.54900888,1199.38,717.17,0.00,338.47,1
config_{16-04-04}_{06-08}_05_localRefinement_20250901T001108037.log,{16-04-04}_{06-08}_05,localRefinement,1916.54900888,1199.38,717.17,0.00,591.84,1
config_{20-05-05}_{06-10}_01_decomposedNeighborhoodSearch_20250831T122428205.log,{20-05-05}_{06-10}_01,decomposedNeighborhoodSearch,2628.27781671,1754.43,873.85,0.00,483.11,1
config_{20-05-05}_{06-10}_01_decomposedRandom_20250831T123843885.log,{20-05-05}_{06-10}_01,decomposedRandom,2628.27781671,1754.43,873.85,0.00,374.18,1
config_{20-05-05}_{06-10}_01_localRefinement_20250901T001108653.log,{20-05-05}_{06-10}_01,localRefinement,2628.27781671,1754.43,873.85,0.00,667.06,1
config_{20-05-05}_{06-10}_02_decomposedNeighborhoodSearch_20250831T122505054.log,{20-05-05}_{06-10}_02,decomposedNeighborhoodSearch,2489.23336343,1660.52,828.71,0.00,405.34,1
config_{20-05-05}_{06-10}_02_decomposedRandom_20250831T124605004.log,{20-05-05}_{06-10}_02,decomposedRandom,2489.23336343,1660.52,828.71,0.00,309.67,1
config_{20-05-05}_{06-10}_02_localRefinement_20250901T001113344.log,{20-05-05}_{06-10}_02,localRefinement,2489.23336343,1660.52,828.71,0.00,545.10,1
config_{20-05-05}_{06-10}_03_decomposedNeighborhoodSearch_20250831T122602896.log,{20-05-05}_{06-10}_03,decomposedNeighborhoodSearch,2431.47213567,1759.13,672.34,0.00,454.23,1
config_{20-05-05}_{06-10}_03_decomposedRandom_20250831T125508078.log,{20-05-05}_{06-10}_03,decomposedRandom,2431.47213567,1759.13,672.34,0.00,381.42,1
config_{20-05-05}_{06-10}_03_localRefinement_20250901T001114521.log,{20-05-05}_{06-10}_03,localRefinement,2431.47213567,1759.13,672.34,0.00,688.69,1
config_{20-05-05}_{06-10}_04_decomposedNeighborhoodSearch_20250831T124143110.log,{20-05-05}_{06-10}_04,decomposedNeighborhoodSearch,2621.94572056,1691.88,930.07,0.00,334.74,1
config_{20-05-05}_{06-10}_04_decomposedRandom_20250831T131340991.log,{20-05-05}_{06-10}_04,decomposedRandom,2621.94572056,1691.88,930.07,0.00,449.17,1
config_{20-05-05}_{06-10}_04_localRefinement_20250901T011132941.log,{20-05-05}_{06-10}_04,localRefinement,2621.94572056,1691.88,930.07,0.00,170.01,1
config_{20-05-05}_{06-10}_05_decomposedNeighborhoodSearch_20250831T132429977.log,{20-05-05}_{06-10}_05,decomposedNeighborhoodSearch,2537.21952214,1736.32,800.90,0.00,341.13,1
config_{20-05-05}_{06-10}_05_decomposedRandom_20250831T133845759.log,{20-05-05}_{06-10}_05,decomposedRandom,2537.21952214,1736.32,800.90,0.00,303.06,1
config_{20-05-05}_{06-10}_05_localRefinement_20250901T011201266.log,{20-05-05}_{06-10}_05,localRefinement,2537.21952214,1736.32,800.90,0.00,143.75,1
config_{12-00-06}_{06-06}_01_decomposedNeighborhoodSearch_20250904T234629100.log,{12-00-06}_{06-06}_01,decomposedNeighborhoodSearch,262.99802846,164.65,98.35,0.00,12.75,1
config_{12-00-06}_{06-06}_01_decomposedRandom_20250904T002509583.log,{12-00-06}_{06-06}_01,decomposedRandom,262.99802846,164.65,98.35,0.00,13.34,1
config_{12-00-06}_{06-06}_01_localRefinement_20250904T002525250.log,{12-00-06}_{06-06}_01,localRefinement,262.99802846,164.65,98.35,0.00,15.18,1
config_{12-00-06}_{06-06}_02_decomposedNeighborhoodSearch_20250904T234722020.log,{12-00-06}_{06-06}_02,decomposedNeighborhoodSearch,294.01645559,151.01,143.01,0.00,4.81,1
config_{12-00-06}_{06-06}_02_decomposedRandom_20250904T002509583.log,{12-00-06}_{06-06}_02,decomposedRandom,294.01645559,151.01,143.01,0.00,5.20,1
config_{12-00-06}_{06-06}_02_localRefinement_20250904T002525250.log,{12-00-06}_{06-06}_02,localRefinement,294.01645559,151.01,143.01,0.00,5.74,1
config_{12-00-06}_{06-06}_03_decomposedNeighborhoodSearch_20250904T234753495.log,{12-00-06}_{06-06}_03,decomposedNeighborhoodSearch,326.96103498,171.77,155.19,0.00,6.72,1
config_{12-00-06}_{06-06}_03_decomposedRandom_20250904T012510656.log,{12-00-06}_{06-06}_03,decomposedRandom,326.96103498,171.77,155.19,0.00,7.84,1
config_{12-00-06}_{06-06}_03_localRefinement_20250904T012526475.log,{12-00-06}_{06-06}_03,localRefinement,326.96103498,171.77,155.19,0.00,8.03,1
config_{12-00-06}_{06-06}_04_decomposedNeighborhoodSearch_20250905T000422735.log,{12-00-06}_{06-06}_04,decomposedNeighborhoodSearch,220.33714198,139.46,80.88,0.00,7.26,1
config_{12-00-06}_{06-06}_04_decomposedRandom_20250904T012510707.log,{12-00-06}_{06-06}_04,decomposedRandom,220.33714198,139.46,80.88,0.00,7.81,1
config_{12-00-06}_{06-06}_04_localRefinement_20250904T012526857.log,{12-00-06}_{06-06}_04,localRefinement,220.33714198,139.46,80.88,0.00,8.12,1
config_{12-00-06}_{06-06}_05_decomposedNeighborhoodSearch_20250905T003458823.log,{12-00-06}_{06-06}_05,decomposedNeighborhoodSearch,225.72616502,164.92,60.81,0.00,3.49,1
config_{12-00-06}_{06-06}_05_decomposedRandom_20250904T022511003.log,{12-00-06}_{06-06}_05,decomposedRandom,225.72616502,164.92,60.81,0.00,4.22,1
config_{12-00-06}_{06-06}_05_localRefinement_20250904T022527768.log,{12-00-06}_{06-06}_05,localRefinement,225.72616502,164.92,60.81,0.00,3.69,1
config_{14-00-07}_{06-07}_01_decomposedNeighborhoodSearch_20251018T123557830.log,{14-00-07}_{06-07}_01,decomposedNeighborhoodSearch,328.47559343,193.23,135.25,0.00,15.86,1
config_{14-00-07}_{06-07}_01_decomposedRandom_20251018T123823522.log,{14-00-07}_{06-07}_01,decomposedRandom,328.47559343,193.23,135.25,0.00,17.42,1
config_{14-00-07}_{06-07}_01_localRefinement_20251018T155117454.log,{14-00-07}_{06-07}_01,localRefinement,328.47559343,193.23,135.25,0.00,12.44,1
config_{14-00-07}_{06-07}_02_decomposedNeighborhoodSearch_20251018T123557830.log,{14-00-07}_{06-07}_02,decomposedNeighborhoodSearch,289.34769092,200.49,88.86,0.00,4.23,1
config_{14-00-07}_{06-07}_02_decomposedRandom_20251018T123823522.log,{14-00-07}_{06-07}_02,decomposedRandom,289.34769092,200.49,88.86,0.00,5.15,1
config_{14-00-07}_{06-07}_02_localRefinement_20251018T155117454.log,{14-00-07}_{06-07}_02,localRefinement,289.34769092,200.49,88.86,0.00,3.36,1
config_{14-00-07}_{06-07}_03_decomposedNeighborhoodSearch_20251018T123557830.log,{14-00-07}_{06-07}_03,decomposedNeighborhoodSearch,300.82812514,207.78,93.05,0.00,14.41,1
config_{14-00-07}_{06-07}_03_decomposedRandom_20251018T123823523.log,{14-00-07}_{06-07}_03,decomposedRandom,300.82812514,207.78,93.05,0.00,15.45,1
config_{14-00-07}_{06-07}_03_localRefinement_20251018T165118945.log,{14-00-07}_{06-07}_03,localRefinement,300.82812514,207.78,93.05,0.00,10.77,1
config_{14-00-07}_{06-07}_04_decomposedNeighborhoodSearch_20251018T123557830.log,{14-00-07}_{06-07}_04,decomposedNeighborhoodSearch,324.97429280,180.08,144.90,0.00,6.98,1
config_{14-00-07}_{06-07}_04_decomposedRandom_20251018T123823522.log,{14-00-07}_{06-07}_04,decomposedRandom,324.97429280,180.08,144.90,0.00,7.89,1
config_{14-00-07}_{06-07}_04_localRefinement_20251018T165119280.log,{14-00-07}_{06-07}_04,localRefinement,324.97429280,180.08,144.90,0.00,4.99,1
config_{14-00-07}_{06-07}_05_decomposedNeighborhoodSearch_20251018T123557830.log,{14-00-07}_{06-07}_05,decomposedNeighborhoodSearch,319.59570750,184.36,135.24,0.00,14.01,1
config_{14-00-07}_{06-07}_05_decomposedRandom_20251018T133824091.log,{14-00-07}_{06-07}_05,decomposedRandom,319.59570750,184.36,135.24,0.00,17.46,1
config_{14-00-07}_{06-07}_05_localRefinement_20251018T175120499.log,{14-00-07}_{06-07}_05,localRefinement,319.59570750,184.36,135.24,0.00,9.80,1
config_{16-00-08}_{06-08}_01_decomposedNeighborhoodSearch_20250905T003459321.log,{16-00-08}_{06-08}_01,decomposedNeighborhoodSearch,335.33493076,218.30,117.04,0.00,15.22,1
config_{16-00-08}_{06-08}_01_decomposedRandom_20250904T022511515.log,{16-00-08}_{06-08}_01,decomposedRandom,335.33493076,218.30,117.04,0.00,17.84,1
config_{16-00-08}_{06-08}_01_localRefinement_20250904T022527994.log,{16-00-08}_{06-08}_01,localRefinement,335.33493076,218.30,117.04,0.00,14.79,1
config_{16-00-08}_{06-08}_02_decomposedNeighborhoodSearch_20250905T003459769.log,{16-00-08}_{06-08}_02,decomposedNeighborhoodSearch,346.54478344,226.28,120.26,0.00,7.89,1
config_{16-00-08}_{06-08}_02_decomposedRandom_20250904T032511377.log,{16-00-08}_{06-08}_02,decomposedRandom,346.54478344,226.28,120.26,0.00,10.20,1
config_{16-00-08}_{06-08}_02_localRefinement_20250904T032528903.log,{16-00-08}_{06-08}_02,localRefinement,346.54478344,226.28,120.26,0.00,8.93,1
config_{16-00-08}_{06-08}_03_decomposedNeighborhoodSearch_20250905T003712550.log,{16-00-08}_{06-08}_03,decomposedNeighborhoodSearch,347.01160299,219.28,127.73,0.00,12.15,1
config_{16-00-08}_{06-08}_03_decomposedRandom_20250904T032511795.log,{16-00-08}_{06-08}_03,decomposedRandom,347.01160299,219.28,127.73,0.00,15.87,1
config_{16-00-08}_{06-08}_03_localRefinement_20250904T032530084.log,{16-00-08}_{06-08}_03,localRefinement,347.01160299,219.28,127.73,0.00,12.71,1
config_{16-00-08}_{06-08}_04_decomposedNeighborhoodSearch_20250905T004629779.log,{16-00-08}_{06-08}_04,decomposedNeighborhoodSearch,348.67897974,239.24,109.44,0.00,30.79,1
config_{16-00-08}_{06-08}_04_decomposedRandom_20250904T042511571.log,{16-00-08}_{06-08}_04,decomposedRandom,348.67897974,239.24,109.44,0.00,47.76,1
config_{16-00-08}_{06-08}_04_localRefinement_20250904T042531387.log,{16-00-08}_{06-08}_04,localRefinement,348.67897974,239.24,109.44,0.00,47.36,1
config_{16-00-08}_{06-08}_05_decomposedNeighborhoodSearch_20250905T004722186.log,{16-00-08}_{06-08}_05,decomposedNeighborhoodSearch,396.54088690,226.70,169.84,0.00,28.29,1
config_{16-00-08}_{06-08}_05_decomposedRandom_20250904T042512168.log,{16-00-08}_{06-08}_05,decomposedRandom,396.54088690,226.70,169.84,0.00,37.67,1
config_{16-00-08}_{06-08}_05_localRefinement_20250904T042532056.log,{16-00-08}_{06-08}_05,localRefinement,396.54088690,226.70,169.84,0.00,42.80,1
config_{18-00-09}_{06-09}_01_decomposedNeighborhoodSearch_20251018T133558202.log,{18-00-09}_{06-09}_01,decomposedNeighborhoodSearch,387.93392334,290.91,97.02,0.00,24.56,1
config_{18-00-09}_{06-09}_01_decomposedRandom_20251018T133824754.log,{18-00-09}_{06-09}_01,decomposedRandom,387.93392334,290.91,97.02,0.00,27.00,1
config_{18-00-09}_{06-09}_01_localRefinement_20251018T175120749.log,{18-00-09}_{06-09}_01,localRefinement,387.93392334,290.91,97.02,0.00,15.10,1
config_{18-00-09}_{06-09}_02_decomposedNeighborhoodSearch_20251018T133558374.log,{18-00-09}_{06-09}_02,decomposedNeighborhoodSearch,484.42109743,308.43,175.99,0.00,50.73,1
config_{18-00-09}_{06-09}_02_decomposedRandom_20251018T133824800.log,{18-00-09}_{06-09}_02,decomposedRandom,484.42109743,308.43,175.99,0.00,47.66,1
config_{18-00-09}_{06-09}_02_localRefinement_20251018T185121900.log,{18-00-09}_{06-09}_02,localRefinement,484.42109743,308.43,175.99,0.00,35.57,1
config_{18-00-09}_{06-09}_03_decomposedNeighborhoodSearch_20251018T133558421.log,{18-00-09}_{06-09}_03,decomposedNeighborhoodSearch,457.25276131,299.75,157.50,0.00,59.94,1
config_{18-00-09}_{06-09}_03_decomposedRandom_20251018T133824803.log,{18-00-09}_{06-09}_03,decomposedRandom,457.25276131,299.75,157.50,0.00,54.96,1
config_{18-00-09}_{06-09}_03_localRefinement_20251018T185123476.log,{18-00-09}_{06-09}_03,localRefinement,457.25276131,299.75,157.50,0.00,43.65,1
config_{18-00-09}_{06-09}_04_decomposedNeighborhoodSearch_20251018T133558459.log,{18-00-09}_{06-09}_04,decomposedNeighborhoodSearch,419.09047784,283.86,135.23,0.00,61.91,1
config_{18-00-09}_{06-09}_04_decomposedRandom_20251018T143824339.log,{18-00-09}_{06-09}_04,decomposedRandom,419.09047784,283.86,135.23,0.00,39.30,1
config_{18-00-09}_{06-09}_04_localRefinement_20251018T195124707.log,{18-00-09}_{06-09}_04,localRefinement,419.09047784,283.86,135.23,0.00,40.16,1
config_{18-00-09}_{06-09}_05_decomposedNeighborhoodSearch_20251018T133558629.log,{18-00-09}_{06-09}_05,decomposedNeighborhoodSearch,404.35979654,234.48,169.88,0.00,14.47,1
config_{18-00-09}_{06-09}_05_decomposedRandom_20251018T143825141.log,{18-00-09}_{06-09}_05,decomposedRandom,404.35979654,234.48,169.88,0.00,9.51,1
config_{18-00-09}_{06-09}_05_localRefinement_20251018T195126155.log,{18-00-09}_{06-09}_05,localRefinement,404.35979654,234.48,169.88,0.00,13.01,1
config_{20-00-10}_{06-10}_01_decomposedNeighborhoodSearch_20250905T004754196.log,{20-00-10}_{06-10}_01,decomposedNeighborhoodSearch,512.01876425,332.96,179.06,0.00,32.21,1
config_{20-00-10}_{06-10}_01_decomposedRandom_20250904T052511916.log,{20-00-10}_{06-10}_01,decomposedRandom,512.01876425,332.96,179.06,0.00,42.41,1
config_{20-00-10}_{06-10}_01_localRefinement_20250904T052533320.log,{20-00-10}_{06-10}_01,localRefinement,512.01876425,332.96,179.06,0.00,43.12,1
config_{20-00-10}_{06-10}_02_decomposedNeighborhoodSearch_20250905T010423678.log,{20-00-10}_{06-10}_02,decomposedNeighborhoodSearch,505.60775785,299.55,206.06,0.00,12.64,1
config_{20-00-10}_{06-10}_02_decomposedRandom_20250904T052513188.log,{20-00-10}_{06-10}_02,decomposedRandom,505.60775785,299.55,206.06,0.00,15.01,1
config_{20-00-10}_{06-10}_02_localRefinement_20250904T052534320.log,{20-00-10}_{06-10}_02,localRefinement,505.60775785,299.55,206.06,0.00,17.88,1
config_{20-00-10}_{06-10}_03_decomposedNeighborhoodSearch_20250905T013459018.log,{20-00-10}_{06-10}_03,decomposedNeighborhoodSearch,485.95009042,329.66,136.29,20.00,22.48,1
config_{20-00-10}_{06-10}_03_decomposedRandom_20250904T062512574.log,{20-00-10}_{06-10}_03,decomposedRandom,485.95009042,329.66,136.29,20.00,29.14,1
config_{20-00-10}_{06-10}_03_localRefinement_20250904T062537000.log,{20-00-10}_{06-10}_03,localRefinement,485.95009042,329.66,136.29,20.00,27.11,1
config_{20-00-10}_{06-10}_04_decomposedNeighborhoodSearch_20250905T013459414.log,{20-00-10}_{06-10}_04,decomposedNeighborhoodSearch,459.95525519,308.15,151.81,0.00,31.82,1
config_{20-00-10}_{06-10}_04_decomposedRandom_20250904T062513861.log,{20-00-10}_{06-10}_04,decomposedRandom,459.95525519,308.15,151.81,0.00,38.45,1
config_{20-00-10}_{06-10}_04_localRefinement_20250904T062537984.log,{20-00-10}_{06-10}_04,localRefinement,459.95525519,308.15,151.81,0.00,37.13,1
config_{20-00-10}_{06-10}_05_decomposedNeighborhoodSearch_20250905T013459920.log,{20-00-10}_{06-10}_05,decomposedNeighborhoodSearch,496.29280845,312.45,183.84,0.00,7.74,1
config_{20-00-10}_{06-10}_05_decomposedRandom_20250904T072512810.log,{20-00-10}_{06-10}_05,decomposedRandom,496.29280845,312.45,183.84,0.00,6.80,1
config_{20-00-10}_{06-10}_05_localRefinement_20250904T072540368.log,{20-00-10}_{06-10}_05,localRefinement,496.29280845,312.45,183.84,0.00,6.61,1